UserMail,ExperimentNo,SampleNo,ModNo,O,C,E,A,N,TimeSeconds,CheckBoxes
user1,2,0,0,-2,1,1,1,-1,38,1110000
user1,2,1,0,0,1,1,1,-2,377,0
user1,2,2,0,0,2,1,1,-2,25,1110000
user1,2,3,0,1,1,2,2,-1,84,1110000
user1,2,4,0,0,1,1,-1,1,27,1010000
user1,2,5,0,-3,0,0,0,-2,54,1010000
user1,2,6,0,0,3,1,2,-3,68,1110100
user1,2,7,0,0,1,1,2,-2,53,1010000
user1,2,8,0,2,1,3,1,-1,42,1001100
user1,2,9,0,-1,1,1,0,-1,67,1110000
user1,2,10,0,2,2,2,3,-2,32,1010000
user1,2,11,0,-1,1,1,1,-2,50,1011000
user1,2,12,0,-1,1,-3,0,-3,70,1010000
user1,2,13,0,-1,1,1,0,-1,41,1100000
user1,2,14,0,-1,0,1,-1,-1,52,1010000
user1,2,15,0,-1,2,1,0,-1,87,1110000
user1,2,16,0,-1,1,0,1,-2,37,1110000
user1,2,17,0,-1,0,0,1,-2,41,1110100
user1,2,18,0,1,2,2,2,-2,46,1110000
user1,2,19,0,-2,2,-1,1,-2,25,1110000
user1,2,20,0,-1,0,-2,1,3,40,1110000
user1,2,21,0,-3,1,0,0,-2,23,1110000
user1,2,22,0,2,2,3,2,-2,30,1111100
user1,2,23,0,-1,0,2,-1,-1,76,1110000
user1,2,24,0,-3,1,0,0,-1,74,1010000
user1,2,25,0,1,1,2,2,-1,19,1010000
user1,2,26,0,1,3,2,3,-2,69,1110000
user1,2,27,0,-2,1,1,-1,0,50,1110000
user1,2,28,0,-1,2,1,2,-2,53,1111100
user1,2,29,0,1,1,2,1,-3,21,1111100
user1,2,30,0,-2,1,1,0,-2,37,1111100
user1,2,31,0,0,1,1,0,-1,79,0
user1,2,32,0,-1,0,0,1,-3,21,1110000
user1,2,33,0,-3,1,-1,0,-2,34,1110000
user1,2,34,0,-2,0,-1,0,-1,53,1010000
user1,2,35,0,1,1,1,-1,0,22,1010000
user1,2,36,0,0,2,-1,1,-3,52,0
user1,2,37,0,-2,2,1,0,-2,84,1010000
user1,2,38,0,0,1,0,1,-2,41,1111000
user1,2,39,0,-1,0,-1,-2,1,59,1110000
user1,2,40,0,-1,1,-1,2,-2,85,1110000
user1,2,41,0,-2,1,-1,0,-1,23,1110100
user1,2,42,0,1,0,1,-2,0,57,1010000
user1,2,43,0,-1,0,1,0,-1,34,1111000
user1,2,44,0,-1,2,0,1,-2,17,1010000
user1,2,45,0,1,1,2,1,-1,26,1110100
user1,2,46,0,-3,1,-1,0,-2,34,1111000
user1,2,47,0,-1,2,1,1,-1,53,1011100
user1,2,48,0,-2,1,1,2,-1,49,1110000
user1,2,49,0,0,1,1,-1,-1,35,1010000
user2,2,0,0,0,1,0,-1,-1,49,0
user2,2,1,0,0,1,1,1,-1,36,0
user2,2,3,0,2,2,2,3,0,63,0
user2,2,6,0,2,1,1,2,-1,43,0
user2,2,7,0,1,0,1,1,-1,52,0
user2,2,9,0,2,1,1,0,0,218,0
user2,2,10,0,2,1,2,-1,0,76,0
user2,2,17,0,1,1,1,0,0,62,0
user2,2,22,0,1,0,-2,-1,0,37,0
user2,2,24,0,0,0,0,0,0,25,0
user2,2,25,0,0,2,0,-1,-1,48,0
user2,2,28,0,2,2,3,2,-1,39,0
user2,2,29,0,0,0,-1,-1,1,60,0
user2,2,32,0,1,1,1,1,1,55,0
user2,2,34,0,0,1,-1,0,-1,37,0
user2,2,36,0,0,0,-1,0,1,34,0
user2,2,37,0,1,2,2,2,-1,45,0
user2,2,38,0,1,0,0,-1,0,41,0
user2,2,39,0,0,1,-1,-1,-1,47,0
user2,2,42,0,1,2,1,0,2,40,0
user2,2,48,0,2,1,2,0,-1,64,0
user3,2,13,0,1,-1,-1,0,1,61,1001100
user3,2,16,0,0,1,1,0,0,1861,1010100
user3,2,28,0,2,0,2,2,-1,49,1010100
user3,2,33,0,-1,2,-2,-1,0,9999,1111100
user3,2,35,0,-1,1,1,0,-2,41,1111100
user3,2,41,0,1,1,1,-1,2,89,1000000
user3,2,44,0,-2,2,-1,-1,1,9999,110100
user4,2,0,0,-1,1,1,-1,1,61,1111100
user4,2,1,0,2,2,3,2,-1,30,1110100
user4,2,2,0,-1,1,-1,1,1,38,1111100
user4,2,3,0,2,2,3,2,-1,37,1111100
user4,2,4,0,2,2,2,-1,1,34,1110100
user4,2,5,0,-1,-1,-2,-1,2,61,1110100
user4,2,6,0,2,2,3,2,-2,27,1110100
user4,2,7,0,2,2,2,0,-1,33,1110100
user4,2,8,0,1,2,3,2,-2,29,1110100
user4,2,9,0,-1,1,1,1,-1,34,1111100
user4,2,10,0,1,1,2,0,-1,42,1110100
user4,2,11,0,1,2,3,1,-2,57,1110100
user4,2,12,0,-2,1,2,-1,-1,57,1100100
user4,2,13,0,1,1,3,1,-1,31,1110100
user4,2,14,0,0,2,3,-1,-1,40,1110110
user4,2,15,0,2,2,2,0,-2,42,1110100
user4,2,16,0,0,1,0,1,1,39,1110100
user4,2,17,0,1,1,3,-2,-2,46,1111110
user4,2,18,0,2,2,3,2,-2,31,1110110
user4,2,19,0,2,2,2,2,-2,25,1111100
user4,2,20,0,0,-1,-1,0,2,49,1110100
user4,2,21,0,1,1,2,-1,-2,48,1110000
user4,2,22,0,2,3,3,2,-1,31,1110110
user4,2,23,0,2,2,2,2,-1,23,1110100
user4,2,24,0,2,1,2,1,-2,47,1110110
user4,2,25,0,2,2,2,2,-1,35,1111100
user4,2,26,0,1,2,2,2,-1,32,1110100
user4,2,27,0,2,2,2,2,0,34,1110100
user4,2,28,0,2,2,2,2,-2,29,1111100
user4,2,29,0,1,1,1,1,1,33,1111100
user4,2,30,0,1,1,2,1,-1,73,1110100
user4,2,31,0,2,2,2,2,-2,37,1111100
user4,2,32,0,2,2,3,2,-1,42,1111110
user4,2,33,0,-1,1,2,-1,-2,58,1111100
user4,2,34,0,2,1,1,0,-1,50,1110100
user4,2,35,0,2,2,2,2,-2,26,1110100
user4,2,36,0,2,2,3,2,-1,33,1110100
user4,2,37,0,2,2,2,1,-2,41,1110100
user4,2,38,0,2,2,3,3,-2,27,1111100
user4,2,39,0,1,-1,0,-1,1,53,1110100
user4,2,40,0,1,0,3,1,1,49,1111100
user4,2,41,0,2,2,3,3,-2,32,1111100
user4,2,42,0,-1,1,1,-1,1,31,1111100
user4,2,43,0,1,1,2,0,0,22,1110100
user4,2,44,0,2,2,2,2,-1,27,1110100
user4,2,45,0,2,2,3,2,-1,35,1110110
user4,2,46,0,-1,-1,-1,-1,2,43,1110100
user4,2,47,0,2,1,2,-1,-1,31,1110100
user4,2,48,0,2,2,2,2,-2,32,1110100
user4,2,49,0,-2,1,1,0,-1,49,1110100
user5,2,0,0,-3,0,-3,-1,2,45,0
user5,2,1,0,2,1,2,0,-2,91,0
user5,2,2,0,2,2,2,2,-2,21,0
user5,2,4,0,-1,1,3,-2,2,50,0
user5,2,5,0,0,3,-2,2,-2,101,0
user5,2,6,0,-1,0,-2,2,2,27,0
user5,2,8,0,-1,1,1,-1,-2,23,0
user5,2,9,0,-1,2,-1,-3,3,23,0
user5,2,10,0,0,1,3,-2,1,29,0
user5,2,11,0,1,3,-2,2,-3,61,0
user5,2,12,0,-1,1,-1,-2,-3,49,0
user5,2,13,0,2,2,3,1,-2,47,0
user5,2,15,0,0,1,-2,-1,-2,47,0
user5,2,16,0,1,0,-1,1,3,21,0
user5,2,17,0,0,0,1,-1,-1,59,0
user5,2,20,0,-2,-2,-3,3,2,24,0
user5,2,21,0,-1,1,0,-2,3,69,0
user5,2,23,0,-2,-1,1,-3,3,27,0
user5,2,24,0,-1,1,1,-1,-2,35,0
user5,2,28,0,-1,2,3,-1,1,32,0
user5,2,32,0,-2,0,-2,2,1,20,0
user5,2,34,0,-1,1,-3,2,-2,23,0
user5,2,37,0,-1,0,-2,-2,2,31,0
user5,2,47,0,2,-2,3,1,1,22,0
user5,2,49,0,-2,0,-2,-3,0,24,0
user7,2,40,0,3,3,-3,3,-2,124,0
user10,2,0,0,-3,0,1,1,-3,14,0
user10,2,1,0,-2,3,3,2,-3,15,0
user10,2,2,0,-3,2,3,2,0,380,0
user10,2,3,0,3,3,3,2,-2,14,0
user10,2,4,0,3,3,0,-1,0,342,0
user10,2,5,0,-2,-1,-1,-1,2,33,0
user10,2,6,0,-2,3,3,3,-3,16,0
user10,2,7,0,-3,2,1,0,-3,16,0
user10,2,8,0,1,1,3,-2,-1,20,0
user10,2,9,0,-3,2,0,0,0,16,0
user10,2,10,0,3,2,3,-1,-1,22,0
user10,2,11,0,-3,3,2,0,-3,13,0
user10,2,12,0,-3,1,1,0,-3,15,0
user10,2,13,0,3,2,3,1,-2,17,0
user10,2,14,0,-3,0,2,-3,0,13,0
user10,2,15,0,-2,2,2,3,-3,18,0
user10,2,16,0,2,1,3,0,-2,30,0
user10,2,17,0,-2,1,2,0,-3,14,0
user10,2,18,0,-3,3,0,2,-1,82,0
user10,2,19,0,-3,0,-1,0,-3,16,0
user10,2,20,0,-2,0,-2,0,3,16,0
user10,2,21,0,-3,0,1,2,-3,18,0
user10,2,22,0,2,-1,2,-3,0,15,0
user10,2,23,0,-1,-1,1,-3,0,16,0
user10,2,24,0,1,3,3,3,-2,36,0
user10,2,25,0,3,2,3,-2,0,510,0
user10,2,26,0,-3,2,2,2,-3,16,0
user10,2,27,0,0,1,3,-3,2,17,0
user10,2,28,0,1,3,3,3,-3,16,0
user10,2,29,0,3,3,3,-3,0,17,0
user10,2,30,0,-1,1,1,1,-1,113,0
user10,2,31,0,2,3,0,3,-3,14,0
user10,2,32,0,-3,2,1,0,-3,19,0
user10,2,33,0,-3,0,-2,0,-2,16,0
user10,2,34,0,-2,0,-2,-1,1,21,0
user10,2,35,0,-3,3,3,1,-2,14,0
user10,2,36,0,0,0,2,1,-1,12,0
user10,2,37,0,-3,3,0,-2,-1,61,0
user10,2,38,0,2,1,2,1,-2,241,0
user10,2,39,0,-3,0,1,-3,0,23,0
user10,2,40,0,-1,3,2,1,-3,18,0
user10,2,41,0,-3,1,0,1,-3,14,0
user10,2,42,0,-1,0,-2,-3,2,36,0
user10,2,43,0,-2,2,3,-3,1,22,0
user10,2,44,0,-3,2,2,2,-3,13,0
user10,2,45,0,0,2,3,2,0,363,0
user10,2,46,0,-2,0,0,-1,2,19,0
user10,2,47,0,1,3,3,1,-3,13,0
user10,2,48,0,-3,2,2,2,-3,13,0
user10,2,49,0,-2,2,3,1,-3,14,0
user11,2,0,0,-1,0,0,0,0,18,0
user11,2,1,0,2,3,0,1,0,13,0
user11,2,2,0,0,1,1,2,0,15,0
user11,2,3,0,0,1,1,2,-1,17,0
user11,2,4,0,-1,-1,-1,-1,2,24,0
user11,2,5,0,0,1,-1,0,1,19,0
user11,2,6,0,1,1,2,2,0,15,0
user11,2,7,0,1,2,1,1,-1,16,0
user11,2,8,0,0,-1,1,1,0,17,0
user11,2,9,0,0,2,0,-1,-1,14,0
user11,2,10,0,1,-1,1,0,0,19,0
user11,2,11,0,0,0,0,0,1,18,0
user11,2,12,0,-1,1,0,0,0,15,0
user11,2,13,0,2,0,1,2,-1,13,0
user11,2,14,0,0,-1,0,-1,1,18,0
user11,2,15,0,0,-1,1,0,0,17,0
user11,2,16,0,-1,0,-1,0,1,15,0
user11,2,17,0,0,2,0,-1,-1,18,0
user11,2,18,0,3,1,2,1,-1,20,0
user11,2,19,0,-1,0,-1,-1,0,19,0
user11,2,20,0,0,-1,-1,0,2,16,0
user11,2,21,0,0,1,0,0,0,23,0
user11,2,22,0,2,1,1,1,0,13,0
user11,2,23,0,2,1,1,1,-1,12,0
user11,2,24,0,2,1,2,1,0,19,0
user11,2,25,0,1,0,2,2,1,22,0
user11,2,26,0,1,2,1,2,-2,15,0
user11,2,27,0,0,-1,1,0,2,17,0
user11,2,28,0,1,1,2,2,-1,21,0
user11,2,29,0,0,1,-1,0,-1,15,0
user11,2,30,0,-1,1,0,0,-1,24,0
user11,2,31,0,1,1,1,0,-1,20,0
user11,2,32,0,0,-1,-1,0,1,17,0
user11,2,33,0,0,0,0,0,0,18,0
user11,2,34,0,0,0,-1,-1,0,20,0
user11,2,35,0,1,1,0,0,-1,19,0
user11,2,36,0,0,0,1,1,0,18,0
user11,2,37,0,1,1,1,2,-1,15,0
user11,2,38,0,0,0,0,0,-1,19,0
user11,2,39,0,0,0,-1,1,0,23,0
user11,2,40,0,2,-1,0,1,-1,25,0
user11,2,41,0,-1,0,-1,0,2,18,0
user11,2,42,0,-1,0,0,-2,0,17,0
user11,2,43,0,0,2,0,-1,0,23,0
user11,2,44,0,-1,0,0,-1,0,19,0
user11,2,45,0,2,1,3,1,0,18,0
user11,2,46,0,1,1,-1,-1,-1,16,0
user11,2,47,0,1,0,1,1,0,167,0
user11,2,48,0,-1,1,0,-1,0,21,0
user11,2,49,0,0,0,1,1,-1,17,0
user13,2,0,0,-1,2,-2,-2,-2,16,0
user13,2,1,0,1,-1,-1,-1,-3,20,0
user13,2,2,0,-1,-1,-1,0,-1,28,0
user13,2,3,0,3,2,3,2,2,46,0
user13,2,4,0,1,1,2,2,1,26,0
user13,2,5,0,-2,2,-1,-1,-2,22,0
user13,2,6,0,1,1,2,1,-1,50,0
user13,2,7,0,-2,-1,-1,-1,-3,15,0
user13,2,8,0,1,-1,3,2,1,20,0
user13,2,9,0,-2,2,-1,-2,-2,19,0
user13,2,10,0,3,3,2,2,-3,16,0
user13,2,11,0,-2,2,1,-2,2,91,0
user13,2,12,0,-2,3,-2,-2,-2,25,0
user13,2,13,0,2,-1,2,1,-3,26,0
user13,2,14,0,-1,2,2,-2,2,37,0
user13,2,15,0,2,2,-1,-2,-2,18,0
user13,2,16,0,0,1,-1,-1,-1,26,0
user13,2,17,0,1,0,0,-1,-2,89,0
user13,2,18,0,2,2,3,2,-2,15,0
user13,2,19,0,2,2,-1,2,-2,24,0
user13,2,20,0,-1,2,-3,3,2,26,0
user13,2,21,0,-2,2,2,1,-2,20,0
user13,2,22,0,2,-2,2,-2,2,19,0
user13,2,23,0,-1,2,-1,-2,-1,18,0
user13,2,24,0,1,1,2,1,1,18,0
user13,2,25,0,2,2,3,2,-2,13,0
user13,2,26,0,1,2,2,1,1,24,0
user13,2,27,0,1,1,1,-2,-1,42,0
user13,2,28,0,2,2,3,2,2,18,0
user13,2,29,0,-2,3,-1,-2,-3,56,0
user13,2,30,0,1,1,-1,-1,1,29,0
user13,2,31,0,1,1,2,1,-1,18,0
user13,2,32,0,0,2,2,-1,1,23,0
user13,2,33,0,1,2,-1,1,-2,38,0
user13,2,34,0,-2,2,-2,-2,-2,17,0
user13,2,35,0,-3,2,2,-1,-3,30,0
user13,2,36,0,1,-1,2,1,-1,21,0
user13,2,37,0,1,2,-2,2,-2,18,0
user13,2,38,0,-1,2,-2,-2,-2,19,0
user13,2,39,0,0,-1,1,-1,-1,26,0
user13,2,40,0,1,-1,2,2,-1,25,0
user13,2,41,0,0,1,1,1,0,29,0
user13,2,42,0,1,2,2,-2,-1,22,0
user13,2,43,0,-1,-1,2,2,-1,22,0
user13,2,44,0,-1,2,-2,-2,-2,12,0
user13,2,45,0,2,2,2,2,1,20,0
user13,2,46,0,-2,2,-1,-1,-2,16,0
user13,2,47,0,2,1,3,3,-1,46,0
user13,2,48,0,-2,0,-1,2,0,29,0
user13,2,49,0,-1,1,1,-1,-2,22,0
user14,2,0,0,0,2,-2,1,-1,37,0
user14,2,1,0,2,-1,-2,-1,0,42,0
user14,2,2,0,-1,1,-1,1,-1,30,0
user14,2,3,0,2,3,2,1,1,48,0
user14,2,4,0,-1,0,-1,-1,1,30,0
user14,2,5,0,-1,1,-2,-1,1,34,0
user14,2,6,0,-2,1,1,1,1,67,0
user14,2,7,0,-1,2,-1,2,-2,346,0
user14,2,8,0,3,1,2,2,1,46,0
user14,2,9,0,-1,3,-1,1,-1,43,0
user14,2,10,0,3,-1,3,2,-1,30,0
user14,2,11,0,2,1,2,1,-2,31,0
user14,2,12,0,3,3,2,2,-3,25,0
user14,2,13,0,3,1,3,2,-3,24,0
user14,2,14,0,1,3,2,-1,-1,46,0
user14,2,15,0,3,2,3,3,-2,33,0
user14,2,16,0,-1,1,-1,1,-2,28,0
user14,2,17,0,-1,1,1,-2,1,41,0
user14,2,18,0,-1,1,2,1,1,31,0
user14,2,19,0,-1,2,-2,1,-1,25,0
user14,2,20,0,-1,1,-2,1,1,37,0
user14,2,21,0,1,2,3,1,-1,51,0
user14,2,22,0,1,2,-3,-2,1,38,0
user14,2,23,0,-3,2,2,-3,-1,35,0
user14,2,24,0,2,1,2,3,1,28,0
user14,2,25,0,1,3,2,3,-3,39,0
user14,2,26,0,2,1,2,-1,1,42,0
user14,2,27,0,1,3,2,-1,1,29,0
user14,2,28,0,-1,1,1,2,1,30,0
user14,2,29,0,2,2,2,2,-1,31,0
user14,2,30,0,1,2,1,2,-3,31,0
user14,2,31,0,1,1,2,-2,1,31,0
user14,2,32,0,2,3,1,2,-2,24,0
user14,2,33,0,1,3,-2,1,-1,61,0
user14,2,34,0,-3,3,-2,-1,-2,52,0
user14,2,35,0,-2,1,-2,-1,1,37,0
user14,2,36,0,-2,1,-2,1,2,43,0
user14,2,37,0,1,-1,-1,-1,-1,101,0
user14,2,38,0,0,1,-2,1,-2,38,0
user14,2,39,0,3,1,1,-2,2,40,0
user14,2,40,0,1,1,1,2,-1,34,0
user14,2,41,0,-1,2,2,-1,1,69,0
user14,2,42,0,-1,-1,-2,-2,1,41,0
user14,2,43,0,0,-1,0,-2,2,53,0
user14,2,44,0,-3,3,-2,-1,-2,445,0
user14,2,45,0,2,2,1,-2,-1,24,0
user14,2,46,0,-3,3,-2,-1,-3,43,0
user14,2,47,0,3,-1,1,3,-1,33,0
user14,2,48,0,-1,-1,-1,2,-2,32,0
user14,2,49,0,1,1,-1,-1,-1,49,0
user15,2,0,0,-1,1,-1,1,-1,23,1110000
user15,2,1,0,1,1,-1,0,0,33,1110000
user15,2,2,0,-1,2,-1,1,-2,26,1111100
user15,2,3,0,1,1,2,1,1,30,1111000
user15,2,4,0,-1,1,2,-1,1,33,1110100
user15,2,5,0,1,1,2,-2,1,27,1110100
user15,2,6,0,0,1,1,1,0,3514,1110000
user15,2,7,0,1,-1,-1,-1,1,18,1110100
user15,2,8,0,2,1,2,2,-1,28,1111000
user15,2,9,0,0,1,1,-1,-1,33,1110000
user15,2,10,0,1,1,1,0,0,108,1110100
user15,2,11,0,0,1,1,0,-1,22,1110000
user15,2,12,0,-1,1,1,-1,-1,28,1110100
user15,2,13,0,1,-1,1,1,1,121,1110100
user15,2,14,0,1,1,1,-1,1,44,1110100
user15,2,15,0,2,2,2,2,-2,31,1110000
user15,2,16,0,1,1,2,1,1,37,1110000
user15,2,17,0,1,1,1,-1,1,30,1110100
user15,2,18,0,0,1,1,-1,1,33,1110000
user15,2,19,0,-2,-2,-2,-1,2,41,10000
user15,2,20,0,1,1,-1,1,0,31,1110000
user15,2,21,0,-1,2,1,-2,2,31,1110100
user15,2,22,0,1,0,1,-1,1,28,1110000
user15,2,23,0,-1,3,3,-1,-1,31,1110000
user15,2,24,0,1,1,1,1,-1,33,1110000
user15,2,25,0,2,2,2,2,-1,49,1110000
user15,2,26,0,-1,0,-1,1,1,30,1110100
user15,2,27,0,-1,1,1,-1,1,21,1110100
user15,2,28,0,2,2,2,2,-2,22,1110100
user15,2,29,0,0,0,1,0,0,100,1110000
user15,2,30,0,-1,1,-1,0,-1,23,1110000
user15,2,31,0,1,1,1,1,-1,26,1110100
user15,2,32,0,1,1,1,-1,1,26,1110000
user15,2,33,0,1,1,1,1,1,20,1110100
user15,2,34,0,3,3,3,-2,-3,81,1110000
user15,2,35,0,-1,2,2,-2,-2,59,1110100
user15,2,36,0,1,1,1,0,-1,29,1110100
user15,2,37,0,0,1,1,-1,1,30,1110000
user15,2,38,0,-1,1,1,-1,-1,47,1110000
user15,2,39,0,1,1,1,1,0,39,1110100
user15,2,40,0,2,2,2,3,-2,38,1110100
user15,2,41,0,1,1,1,1,-1,30,1110100
user15,2,42,0,0,0,1,-1,0,46,1110000
user15,2,43,0,0,1,1,-1,0,31,1110000
user15,2,44,0,-1,1,1,-1,1,31,1110000
user15,2,45,0,1,2,2,-1,1,34,1110000
user15,2,46,0,1,1,2,-1,-1,82,1110000
user15,2,47,0,3,3,3,2,-3,35,1110000
user15,2,48,0,-1,1,1,1,1,34,1110000
user15,2,49,0,-1,2,2,2,-1,27,1110100
user16,2,0,0,-2,-1,-1,-1,1,27,0
user16,2,1,0,-1,1,1,1,-1,29,0
user16,2,2,0,0,1,1,1,1,26,0
user16,2,3,0,1,1,1,1,1,27,0
user16,2,4,0,1,1,1,1,-1,26,0
user16,2,5,0,-1,-1,-1,-1,1,54,0
user16,2,6,0,-1,1,1,1,-1,28,0
user16,2,7,0,1,2,1,1,-1,25,0
user16,2,8,0,-1,1,1,-1,1,34,0
user16,2,9,0,-1,-1,-1,-1,1,23,0
user16,2,10,0,-1,-1,0,-1,1,31,0
user16,2,11,0,1,1,1,1,-1,36,0
user16,2,12,0,-1,1,-1,-1,-1,27,0
user16,2,13,0,1,-1,1,-2,1,28,0
user16,2,14,0,1,1,1,2,1,34,0
user16,2,15,0,1,1,1,1,1,57,0
user16,2,16,0,-1,1,1,-1,1,29,0
user16,2,17,0,1,1,1,1,-1,26,0
user16,2,18,0,1,1,1,-1,1,25,0
user16,2,19,0,1,1,-1,1,-1,39,0
user16,2,20,0,-2,-2,-1,-1,2,25,0
user16,2,21,0,1,1,1,-1,1,32,0
user16,2,22,0,-1,-1,1,-1,1,27,0
user16,2,23,0,-1,1,1,-1,1,30,0
user16,2,24,0,1,1,-1,1,-1,28,0
user16,2,25,0,2,1,2,2,1,30,0
user16,2,26,0,1,1,2,2,-1,23,0
user16,2,27,0,1,1,1,-1,1,18,0
user16,2,28,0,1,1,2,2,-1,30,0
user16,2,29,0,-1,1,1,1,-1,34,0
user16,2,30,0,-1,1,-1,-1,1,26,0
user16,2,31,0,-1,-1,1,-1,1,19,0
user16,2,32,0,-1,1,1,1,-1,26,0
user16,2,33,0,-1,1,-1,0,-1,36,0
user16,2,34,0,1,1,-1,-1,-1,26,0
user16,2,35,0,-1,-2,1,-1,2,23,0
user16,2,36,0,-1,1,1,1,-1,66,0
user16,2,37,0,0,2,-1,2,2,122,0
user16,2,38,0,1,1,-1,1,-2,28,0
user16,2,39,0,-1,-1,-1,-1,1,24,0
user16,2,40,0,1,1,2,3,-1,26,0
user16,2,41,0,1,1,-1,2,-1,28,0
user16,2,42,0,2,1,1,-1,1,23,0
user16,2,43,0,1,1,2,1,-1,30,0
user16,2,44,0,1,1,-1,1,-2,22,0
user16,2,45,0,1,2,2,1,-1,26,0
user16,2,46,0,-1,1,-1,-1,-1,20,0
user16,2,47,0,1,1,1,1,1,67,0
user16,2,48,0,1,1,-1,1,-2,32,0
user16,2,49,0,-1,1,1,1,1,23,0
user18,2,4,0,0,0,0,0,0,40,0
user19,2,0,0,-3,2,2,-2,0,23,0
user19,2,1,0,-1,-1,-1,-1,0,36,0
user19,2,2,0,2,1,3,2,-1,16,0
user19,2,3,0,-1,-3,-1,-1,-1,64,0
user19,2,4,0,-2,-1,1,-2,2,26,0
user19,2,5,0,0,3,-1,-1,-1,57,0
user19,2,6,0,-3,1,3,1,-2,21,0
user19,2,7,0,-3,1,3,2,-1,30,0
user19,2,8,0,-1,-1,0,-2,-2,30,0
user19,2,9,0,-1,2,-2,0,-3,41,0
user19,2,10,0,1,2,3,-3,-1,118,0
user19,2,11,0,1,1,3,-3,0,59,0
user19,2,12,0,-2,3,-2,3,-3,18,0
user19,2,13,0,3,0,3,-3,1,16,0
user19,2,14,0,-3,3,3,-3,3,22,0
user19,2,15,0,3,2,3,3,-2,19,0
user19,2,16,0,3,1,1,-1,1,19,0
user19,2,17,0,-2,2,2,-2,-2,34,0
user19,2,18,0,2,2,3,-3,2,24,0
user19,2,19,0,-2,-2,-2,0,0,31,0
user19,2,20,0,0,-2,-2,-1,2,74,0
user19,2,21,0,-1,1,1,0,1,39,0
user19,2,22,0,2,3,3,-2,2,14,0
user19,2,23,0,0,1,0,-3,3,19,0
user19,2,24,0,3,3,3,3,0,38,0
user19,2,25,0,-2,1,2,-2,-1,18,0
user19,2,26,0,2,2,1,3,-3,55,0
user19,2,27,0,-2,-1,2,-3,2,22,0
user19,2,28,0,-1,3,3,-3,-2,45,0
user19,2,29,0,3,3,3,-1,1,741,0
user19,2,30,0,-2,-1,1,1,-3,362,0
user19,2,31,0,1,2,2,2,-1,23,0
user19,2,32,0,-3,2,3,1,-1,22,0
user19,2,33,0,-3,-3,-3,0,-1,34,0
user19,2,34,0,-2,-2,0,-2,2,38,0
user19,2,35,0,3,2,1,2,-3,45,0
user19,2,36,0,2,3,2,3,-2,21,0
user19,2,37,0,-3,1,3,2,-2,45,0
user19,2,38,0,-3,3,-3,3,-3,18,0
user19,2,39,0,0,-1,2,-3,2,40,0
user19,2,40,0,0,1,2,-2,3,19,0
user19,2,41,0,-3,1,-1,3,-3,16,0
user19,2,42,0,2,0,2,-2,2,160,0
user19,2,43,0,-2,0,3,0,3,167,0
user19,2,44,0,-2,2,-2,0,-2,40,0
user19,2,45,0,-1,-1,-1,0,-3,754,0
user19,2,46,0,-1,2,-2,-1,-3,41,0
user19,2,47,0,3,0,3,2,1,18,0
user19,2,48,0,0,3,1,0,-3,20,0
user19,2,49,0,0,3,-1,0,-1,221,0
user20,2,0,0,-2,1,-2,-1,-1,40,1111100
user20,2,1,0,1,0,1,0,-2,69,1110100
user20,2,2,0,-1,1,0,2,-1,53,1111100
user20,2,3,0,2,0,2,-3,2,604,0
user20,2,4,0,-1,0,1,-2,1,78,1010100
user20,2,5,0,0,2,1,0,-2,91,1110000
user20,2,6,0,1,1,2,2,-1,40,1110100
user20,2,7,0,1,1,1,-2,1,127,0
user20,2,8,0,1,0,-1,-1,2,263,1111100
user20,2,9,0,-2,1,1,-1,-1,66,1110100
user20,2,10,0,0,0,1,0,-1,67,1010100
user20,2,11,0,1,0,1,-1,-1,97,1100100
user20,2,12,0,1,2,1,1,-2,29,1110100
user20,2,13,0,2,2,0,3,-2,166,10100
user20,2,14,0,-2,2,1,0,-1,384,1101100
user20,2,15,0,0,2,-1,-1,-2,63,0
user20,2,16,0,-2,2,0,1,-2,44,1000100
user20,2,17,0,-2,1,0,-1,-1,59,1110100
user20,2,18,0,1,0,2,2,-1,44,1110000
user20,2,19,0,-1,0,-1,1,-1,51,1111100
user20,2,20,0,1,0,-1,1,-1,26,1110100
user20,2,21,0,-1,1,0,-1,-1,118,1111100
user20,2,22,0,0,0,2,-2,1,94,1010100
user20,2,23,0,0,1,1,-1,-1,240,1110100
user20,2,24,0,1,2,2,2,-3,313,1111100
user20,2,25,0,-1,2,1,1,-2,836,1110100
user20,2,26,0,1,2,-1,2,-1,27,1111100
user20,2,27,0,0,-1,1,-1,1,70,1110000
user20,2,28,0,0,2,3,2,-1,1062,1111100
user20,2,29,0,-2,2,1,1,-2,73,0
user20,2,30,0,-1,2,-1,1,-2,277,1110100
user20,2,31,0,2,1,1,1,-1,52,1110100
user20,2,32,0,1,1,1,0,-1,32,1111100
user20,2,33,0,1,2,1,0,-2,35,1110100
user20,2,34,0,0,0,1,-1,1,70,1010000
user20,2,35,0,-2,0,1,0,0,62,1111100
user20,2,36,0,0,1,-1,1,0,53,1110000
user20,2,37,0,-1,0,-1,1,-2,246,1110000
user20,2,38,0,-1,1,-1,0,0,52,1111100
user20,2,39,0,1,0,1,1,-2,407,1010100
user20,2,40,0,1,1,1,1,-2,38,1010100
user20,2,41,0,-2,2,-2,0,-2,68,1110100
user20,2,42,0,0,-1,0,-2,1,377,1110000
user20,2,43,0,-1,0,1,-2,-1,43,1110100
user20,2,44,0,-2,2,-2,0,-2,22,1110100
user20,2,45,0,1,2,3,2,-2,30,1110100
user20,2,46,0,-1,2,-3,0,-3,88,0
user20,2,47,0,-2,1,2,-2,-1,352,1110100
user20,2,48,0,-1,0,1,1,-1,92,1010100
user20,2,49,0,-2,2,-2,1,-1,64,1100100
user21,2,2,0,-1,1,1,1,1,59,10000
user21,2,4,0,-1,-2,1,-1,2,48,10000
user21,2,21,0,2,1,-2,-2,-2,56,10000
user21,2,30,0,2,2,-1,-2,-2,73,1010000
user21,2,41,0,-2,-1,1,1,1,69,10000
user21,2,44,0,2,2,-2,-2,-3,53,1010000
user22,2,0,0,0,1,0,0,-2,104,0
user22,2,1,0,1,1,1,1,-1,45,0
user22,2,2,0,0,1,0,1,-3,24,0
user22,2,3,0,0,0,2,1,1,42,0
user22,2,4,0,0,2,2,-1,1,98,0
user22,2,5,0,0,1,1,-1,1,24,0
user22,2,6,0,0,0,1,-1,1,21,0
user22,2,7,0,0,1,1,0,-1,19,0
user22,2,8,0,0,1,1,-1,1,23,0
user22,2,9,0,0,2,0,-1,-2,29,0
user22,2,10,0,0,1,1,0,0,25,0
user22,2,11,0,0,1,-2,0,-2,32,0
user22,2,12,0,0,0,1,0,-1,22,0
user22,2,13,0,0,-1,0,0,-1,35,0
user22,2,14,0,1,-1,2,-1,0,120,0
user22,2,15,0,2,0,2,2,-2,32,0
user22,2,16,0,1,2,0,0,-3,33,0
user22,2,17,0,0,2,0,0,0,171,0
user22,2,18,0,0,1,2,1,0,24,0
user22,2,19,0,0,2,-2,0,-2,47,0
user22,2,20,0,0,0,-1,1,-1,25,0
user22,2,21,0,0,1,1,0,0,29,0
user22,2,22,0,3,3,3,3,-3,89,0
user22,2,23,0,0,1,1,-1,0,34,0
user22,2,24,0,0,0,0,1,-1,25,0
user22,2,25,0,0,2,2,0,2,126,0
user22,2,26,0,0,1,1,1,-2,27,0
user22,2,27,0,0,0,1,-2,1,18,0
user22,2,28,0,0,1,1,1,-2,24,0
user22,2,29,0,0,1,2,-1,1,25,0
user22,2,30,0,0,2,0,0,-3,45,0
user22,2,31,0,0,1,0,0,0,18,0
user22,2,32,0,0,0,-1,0,-2,76,0
user22,2,33,0,0,1,0,0,-2,62,0
user22,2,34,0,0,1,-2,0,-3,40,0
user22,2,35,0,0,0,1,0,-1,34,0
user22,2,36,0,0,1,1,0,-1,20,0
user22,2,37,0,0,0,0,1,-1,22,0
user22,2,38,0,0,1,-1,0,-2,34,0
user22,2,39,0,0,1,2,-1,0,39,0
user22,2,40,0,1,0,2,2,-2,33,0
user22,2,41,0,0,0,0,1,1,21,0
user22,2,42,0,0,0,0,-2,1,21,0
user22,2,43,0,0,0,1,0,-1,22,0
user22,2,44,0,0,1,-2,0,-2,27,0
user22,2,45,0,0,2,2,0,2,121,0
user22,2,46,0,1,2,0,0,-3,33,0
user22,2,47,0,0,1,1,1,-1,14,0
user22,2,48,0,0,0,0,1,-2,21,0
user22,2,49,0,0,1,1,1,-1,36,0
user23,2,42,0,2,-2,1,-1,1,69,1110000
user25,2,3,0,3,1,3,3,-3,304,1111100
user25,2,4,0,-1,1,-2,3,-3,41,1110100
user25,2,8,0,-2,1,2,-3,2,65,1111000
user25,2,10,0,2,2,-2,2,-3,38,1111100
user25,2,11,0,-1,0,2,-2,2,51,1111100
user25,2,12,0,1,2,-1,1,-2,107,1110000
user25,2,13,0,-1,-1,-1,-1,1,49,1110100
user25,2,14,0,2,3,0,1,-3,60,1111100
user25,2,15,0,1,1,1,1,-3,33,1110000
user25,2,20,0,-2,-1,-2,-1,2,38,1110000
user25,2,23,0,-1,0,1,-1,0,39,1111000
user25,2,25,0,3,2,2,2,-2,41,1110000
user25,2,27,0,-1,0,2,1,1,37,1110110
user25,2,28,0,-1,2,3,-1,1,159,1110000
user25,2,30,0,1,2,-1,1,-2,41,1110000
user25,2,32,0,1,0,-1,1,1,34,1111000
user25,2,36,0,1,0,1,1,-1,36,1110000
user25,2,38,0,2,3,-2,0,-3,4981,1111100
user25,2,39,0,-1,1,-1,0,2,34,1110000
user25,2,41,0,1,2,2,-1,1,41,1111100
user25,2,42,0,-2,1,3,-3,3,48,1111000
user25,2,43,0,-1,-2,-2,-2,1,47,1111100
user25,2,48,0,1,3,2,3,-3,41,1111100
user25,2,49,0,1,2,-1,0,-2,36,1110100
user26,2,0,0,1,1,1,1,-2,17,0
user26,2,1,0,1,1,1,-1,-1,9,0
user26,2,2,0,1,1,1,1,-3,75,0
user26,2,3,0,2,3,3,3,-2,17,0
user26,2,4,0,1,1,1,0,-2,19,0
user26,2,5,0,0,1,1,0,-1,15,0
user26,2,6,0,2,2,2,3,-1,22,0
user26,2,7,0,2,1,2,1,-2,11,0
user26,2,8,0,1,1,2,-2,-1,22,0
user26,2,9,0,2,1,1,-1,-3,12,0
user26,2,10,0,0,-2,-1,1,-1,50,0
user26,2,11,0,2,1,1,-1,-2,12,0
user26,2,12,0,-1,0,0,-1,-2,23,0
user26,2,13,0,1,-1,1,-2,1,21,0
user26,2,14,0,2,1,2,2,-2,22,0
user26,2,15,0,1,2,1,1,-2,16,0
user26,2,16,0,2,1,2,1,-2,18,0
user26,2,17,0,1,1,3,1,2,22,0
user26,2,18,0,3,3,3,3,-1,17,0
user26,2,19,0,1,2,1,1,-2,27,0
user26,2,20,0,1,-2,-2,0,2,28,0
user26,2,21,0,2,1,3,0,2,36,0
user26,2,22,0,1,2,1,-2,-2,11,0
user26,2,23,0,-3,-2,1,-2,-2,26,0
user26,2,24,0,1,1,1,2,-2,21,0
user26,2,25,0,1,2,2,2,-2,19,0
user26,2,26,0,2,3,3,3,-3,18,0
user26,2,27,0,1,1,3,-2,1,53,0
user26,2,28,0,3,2,2,1,-3,33,0
user26,2,29,0,-1,1,3,1,-1,18,0
user26,2,30,0,1,1,2,-2,-1,21,0
user26,2,31,0,2,2,2,2,-2,25,0
user26,2,32,0,0,1,-1,0,-2,15,0
user26,2,33,0,1,1,-1,1,-3,67,0
user26,2,34,0,0,-1,-1,0,-2,39,0
user26,2,35,0,1,1,1,1,-1,22,0
user26,2,36,0,1,2,3,2,-2,19,0
user26,2,37,0,2,1,1,-1,-2,11,0
user26,2,38,0,-2,1,-3,1,-3,20,0
user26,2,39,0,1,-1,-1,-1,0,31,0
user26,2,40,0,-1,1,2,0,1,22,0
user26,2,41,0,1,1,1,2,-1,15,0
user26,2,42,0,2,2,1,-1,-1,16,0
user26,2,43,0,0,1,1,0,-1,14,0
user26,2,44,0,1,1,1,-1,-1,28,0
user26,2,45,0,1,2,2,1,-2,24,0
user26,2,46,0,1,1,1,-1,-1,458,0
user26,2,47,0,1,1,1,-1,-2,11,0
user26,2,48,0,1,1,1,-1,-1,13,0
user26,2,49,0,1,1,1,1,-1,10,0
user28,2,2,0,0,0,0,-2,0,52,110000
user28,2,4,0,-1,0,0,-1,0,326,1010100
user28,2,6,0,1,0,0,0,1,47,1110000
user28,2,7,0,0,-1,-1,-1,1,61,1110000
user28,2,8,0,1,0,0,0,1,78,1111000
user28,2,12,0,0,0,0,1,-1,9999,1100000
user28,2,19,0,0,-1,-2,0,2,60,1110000
user28,2,23,0,0,0,0,-2,1,9999,1110000
user28,2,25,0,1,1,1,1,-1,9999,1110100
user28,2,29,0,1,0,0,-1,1,48,1100000
user28,2,33,0,2,1,-1,-1,-3,226,1110000
user28,2,34,0,0,0,0,0,0,24,0
user28,2,43,0,-1,1,1,1,0,39,1100100
user28,2,48,0,-2,-1,-1,-1,2,7287,1110000
user29,2,0,0,0,0,0,0,0,5,0
user29,2,1,0,0,0,0,0,0,3,0
user29,2,2,0,0,0,0,0,0,3,0
user29,2,3,0,0,0,0,0,0,4,0
user29,2,4,0,0,0,0,0,0,4,0
user29,2,5,0,0,0,0,0,0,3,0
user29,2,6,0,0,0,0,0,0,5,0
user29,2,7,0,0,0,0,0,0,4,0
user29,2,8,0,0,0,0,-3,-2,6,0
user29,2,9,0,0,0,0,0,0,3,0
user29,2,10,0,0,0,0,0,0,4,0
user29,2,11,0,0,0,0,0,0,2,0
user29,2,12,0,0,0,0,0,0,3,0
user29,2,13,0,1,-3,-3,-3,-2,52,0
user29,2,14,0,0,0,0,0,0,4,0
user29,2,15,0,0,0,0,0,0,3,0
user29,2,16,0,0,0,0,0,0,3,0
user29,2,17,0,0,0,0,0,0,3,0
user29,2,18,0,0,-3,-3,0,-1,5,0
user29,2,19,0,2,1,0,3,3,66,0
user29,2,20,0,0,0,0,0,0,2,0
user29,2,21,0,0,0,0,0,0,26,0
user29,2,22,0,0,0,0,0,0,4,0
user29,2,23,0,0,0,0,0,0,3,0
user29,2,24,0,0,0,0,0,0,3,0
user29,2,25,0,0,0,0,0,0,3,0
user29,2,26,0,0,0,0,0,0,7,0
user29,2,27,0,0,0,0,0,0,5,0
user29,2,28,0,0,0,0,0,0,5,0
user29,2,29,0,0,0,0,0,0,3,0
user29,2,30,0,0,0,0,0,0,3,0
user29,2,31,0,0,0,0,0,0,3,0
user29,2,32,0,0,0,0,0,0,4,0
user29,2,33,0,0,0,0,0,0,3,0
user29,2,34,0,0,0,0,0,0,3,0
user29,2,35,0,0,0,0,0,0,4,0
user29,2,36,0,0,0,0,0,0,3,0
user29,2,37,0,0,0,0,0,0,2,0
user29,2,38,0,0,0,0,0,0,5,0
user29,2,39,0,0,0,0,0,0,4,0
user29,2,40,0,0,0,0,0,0,3,0
user29,2,41,0,0,0,0,-2,-3,12,0
user29,2,42,0,0,0,0,0,0,4,0
user29,2,43,0,0,0,0,0,0,4,0
user29,2,44,0,0,0,0,0,0,3,0
user29,2,45,0,0,-3,0,-2,-2,6,0
user29,2,46,0,0,0,0,0,0,61,0
user29,2,47,0,0,-3,0,-3,0,5,0
user29,2,48,0,0,-2,0,-3,-1,7,0
user29,2,49,0,0,0,0,0,0,5,0
user31,2,0,0,-2,1,-2,-2,2,47,1100000
user31,2,1,0,2,2,3,-1,-3,28,1110000
user31,2,2,0,1,-2,-1,1,1,29,1100000
user31,2,3,0,3,3,3,3,-3,138,1110001
user31,2,4,0,0,2,1,-2,1,22,1110000
user31,2,5,0,-1,1,2,-2,-1,24,110000
user31,2,6,0,1,2,2,2,1,24,1100000
user31,2,7,0,2,2,3,2,-2,36,1110000
user31,2,8,0,2,1,2,2,1,20,1101000
user31,2,9,0,-1,1,1,-1,2,24,1100000
user31,2,10,0,2,2,2,-1,1,27,1010100
user31,2,11,0,1,2,2,3,-2,38,1110100
user31,2,12,0,-1,1,1,2,-1,22,100
user31,2,13,0,1,-1,2,-2,2,27,1100100
user31,2,14,0,1,1,3,-3,2,22,1010000
user31,2,15,0,1,2,-1,1,-2,36,1100000
user31,2,16,0,0,-1,-1,-2,1,24,10001
user31,2,17,0,1,2,2,-2,-1,29,1100000
user31,2,18,0,1,2,2,-2,-1,23,1110100
user31,2,19,0,1,1,-3,2,-1,43,1110000
user31,2,20,0,-1,-3,-1,1,2,28,1010000
user31,2,21,0,-2,-1,-1,-1,-1,18,1100000
user31,2,22,0,1,1,2,-1,1,21,1000000
user31,2,23,0,-2,2,2,-1,-1,201,1010000
user31,2,24,0,3,3,3,2,-3,107,1110100
user31,2,25,0,0,-2,-1,-1,2,22,1100000
user31,2,26,0,1,2,2,3,-2,25,1010000
user31,2,27,0,2,2,2,-2,1,36,1110000
user31,2,28,0,1,1,2,-1,-2,22,100
user31,2,29,0,1,1,2,-2,1,35,1010000
user31,2,30,0,-1,2,-2,2,-2,19,1110000
user31,2,31,0,1,1,1,-2,-2,18,1010000
user31,2,32,0,1,2,-2,2,-2,33,1010000
user31,2,33,0,1,-1,1,1,1,43,1010000
user31,2,34,0,0,0,-1,-2,1,32,1110001
user31,2,35,0,3,3,3,3,-3,98,1100100
user31,2,36,0,1,2,-1,2,-2,28,100011
user31,2,37,0,0,-2,-1,-1,1,23,1100000
user31,2,38,0,1,-2,2,-1,1,24,110100
user31,2,39,0,-1,1,2,-3,2,33,1010000
user31,2,40,0,-1,1,-1,-2,1,23,1110000
user31,2,41,0,-1,-1,-2,2,0,28,1100000
user31,2,42,0,0,-1,1,-2,1,26,1010000
user31,2,43,0,-1,1,1,-3,-2,28,1100100
user31,2,44,0,-1,-2,-3,1,-2,20,100000
user31,2,45,0,1,2,3,2,2,27,1110100
user31,2,46,0,0,-2,-2,-1,2,24,110000
user31,2,47,0,1,1,2,1,-1,20,1110100
user31,2,48,0,-1,-2,-2,-1,1,25,100101
user31,2,49,0,-1,1,2,-2,1,16,1100100
user32,2,38,0,0,1,0,2,-3,64,1010000
user33,2,0,0,0,0,0,0,1,26,0
user33,2,1,0,0,0,0,0,1,17,0
user33,2,2,0,0,0,0,0,1,15,0
user33,2,3,0,0,0,1,1,0,24,0
user33,2,4,0,0,0,0,-1,0,20,0
user33,2,5,0,0,1,0,0,0,42,0
user33,2,6,0,0,0,1,1,0,12,0
user33,2,7,0,0,0,1,2,0,17,0
user33,2,8,0,0,0,1,1,0,26,0
user33,2,9,0,0,0,1,0,-1,95,0
user33,2,10,0,1,0,1,1,0,26,0
user33,2,11,0,0,2,0,0,0,44,0
user33,2,12,0,0,1,0,1,0,25,0
user33,2,13,0,0,0,1,0,1,38,0
user33,2,14,0,0,0,0,-1,0,29,0
user33,2,15,0,0,0,1,0,0,35,0
user33,2,16,0,0,0,-1,0,0,25,0
user33,2,17,0,0,0,0,0,-1,616,0
user33,2,18,0,0,0,1,0,-1,38,0
user33,2,19,0,0,0,-1,0,0,67,0
user33,2,20,0,0,-1,0,0,0,20,0
user33,2,21,0,0,0,0,0,-1,37,0
user33,2,22,0,1,0,0,-1,0,18,0
user33,2,23,0,0,0,0,-1,0,13,0
user33,2,24,0,0,1,0,1,0,36,0
user33,2,25,0,0,0,1,1,0,35,0
user33,2,26,0,0,0,1,1,0,12,0
user33,2,27,0,0,0,0,-1,0,29,0
user33,2,28,0,0,0,1,2,0,23,0
user33,2,29,0,0,0,1,1,0,18,0
user33,2,30,0,-1,0,-1,0,-1,92,0
user33,2,31,0,0,0,0,1,0,16,0
user33,2,32,0,0,0,0,0,1,40,0
user33,2,33,0,0,1,0,0,0,25,0
user33,2,34,0,0,0,-1,0,0,37,0
user33,2,35,0,0,0,0,-1,0,39,0
user33,2,36,0,0,1,0,0,0,29,0
user33,2,37,0,0,0,-1,0,0,53,0
user33,2,38,0,0,0,-1,0,0,14,0
user33,2,39,0,0,0,0,0,1,34,0
user33,2,40,0,0,0,0,0,1,29,0
user33,2,41,0,0,0,0,0,-1,28,0
user33,2,42,0,0,0,0,-1,0,12,0
user33,2,43,0,0,0,1,0,0,31,0
user33,2,44,0,0,0,0,0,1,16,0
user33,2,45,0,0,0,1,1,0,12,0
user33,2,46,0,0,0,0,0,1,14,0
user33,2,47,0,0,0,1,1,0,27,0
user33,2,48,0,0,0,1,1,0,19,0
user33,2,49,0,0,0,1,1,0,22,0
user34,2,9,0,-3,0,-2,-1,0,34,0
user34,2,25,0,-1,3,-1,1,1,32,0
user34,2,28,0,3,3,3,2,1,28,0
user34,2,42,0,-2,-3,2,-3,3,30,0
user34,2,48,0,2,2,2,3,-3,62,0
user37,2,0,0,0,2,-2,-2,-2,17,0
user37,2,1,0,0,-2,-1,2,-1,53,0
user37,2,2,0,1,0,-3,2,2,25,0
user37,2,3,0,0,1,-2,-3,3,123,0
user37,2,4,0,-2,1,-1,-3,-3,34,0
user37,2,5,0,-2,3,-3,-1,1,42,0
user37,2,6,0,-1,1,1,1,-1,64,0
user37,2,7,0,1,1,2,-2,-3,45,0
user37,2,8,0,2,-2,3,1,2,96,0
user37,2,9,0,0,3,-1,-3,-2,31,0
user37,2,10,0,-1,2,1,2,-2,30,0
user37,2,14,0,2,-2,3,1,1,46,0
user37,2,15,0,-1,-2,-2,-1,1,21,0
user37,2,16,0,0,2,0,-1,-2,22,0
user37,2,17,0,3,-2,2,-3,2,33,0
user37,2,18,0,2,-2,3,1,1,23,0
user37,2,19,0,-3,2,-3,-3,-2,32,0
user37,2,20,0,-1,3,-2,-2,-3,21,0
user37,2,21,0,-3,2,1,-3,1,24,0
user37,2,22,0,2,-2,3,-3,1,127,0
user37,2,25,0,0,3,1,-1,-1,39,0
user37,2,26,0,-2,3,-3,-3,-1,43,0
user37,2,27,0,1,2,3,3,-2,17,0
user37,2,28,0,1,3,2,1,-3,20,0
user37,2,29,0,2,2,3,2,1,52,0
user37,2,30,0,-1,2,-2,-2,-1,35,0
user37,2,31,0,1,2,0,1,-2,23,0
user37,2,32,0,-1,2,-2,-2,-1,23,0
user37,2,35,0,-2,3,-2,-3,-3,29,0
user37,2,36,0,-2,2,-2,3,2,44,0
user37,2,37,0,0,0,0,0,0,11,0
user37,2,38,0,-1,2,-3,0,1,25,0
user37,2,40,0,-3,3,-2,-2,-3,179,0
user37,2,42,0,1,-3,1,-2,2,54,0
user37,2,43,0,1,1,2,-3,-3,30,0
user37,2,44,0,1,3,-2,1,-3,28,0
user37,2,45,0,1,-2,3,3,0,19,0
user37,2,46,0,-2,3,-1,-3,-2,20,0
user37,2,47,0,3,2,3,1,-2,10542,0
user37,2,48,0,0,2,-2,1,-2,27,0
user40,2,0,0,-3,0,-3,3,-3,21,0
user40,2,1,0,0,0,0,0,0,11,0
user40,2,2,0,-2,1,-2,1,-2,23,0
user40,2,3,0,3,3,3,-3,3,18,0
user40,2,4,0,-3,3,3,-3,3,113,0
user40,2,5,0,-3,0,-3,0,-3,22,0
user40,2,6,0,0,0,-1,1,1,24,0
user40,2,7,0,0,0,0,0,0,14,0
user40,2,8,0,3,-3,3,-3,3,29,0
user40,2,9,0,0,0,0,0,0,21,0
user40,2,10,0,2,1,2,-2,1,16,0
user40,2,11,0,3,3,3,-3,3,19,0
user40,2,12,0,-1,0,-1,0,-2,19,0
user40,2,13,0,-1,-1,1,1,1,21,0
user40,2,14,0,2,1,3,1,1,23,0
user40,2,15,0,0,0,0,0,0,20,0
user40,2,16,0,0,0,2,1,0,41,0
user40,2,17,0,3,3,3,-3,3,27,0
user40,2,18,0,1,0,3,2,1,27,0
user40,2,19,0,-3,0,-3,3,-3,23,0
user40,2,20,0,3,0,-3,3,3,32,0
user40,2,21,0,3,0,3,-3,3,15,0
user40,2,22,0,3,3,3,-3,3,15,0
user40,2,23,0,-2,0,2,-1,1,21,0
user40,2,24,0,0,0,0,0,0,22,0
user40,2,25,0,3,0,3,0,3,17,0
user40,2,26,0,0,2,2,2,0,24,0
user40,2,27,0,3,3,3,-3,3,14,0
user40,2,28,0,1,1,2,1,1,21,0
user40,2,29,0,3,3,3,-3,3,20,0
user40,2,30,0,-3,0,3,0,0,23,0
user40,2,31,0,3,3,3,-3,3,17,0
user40,2,32,0,-3,3,-3,3,-3,24,0
user40,2,33,0,1,0,0,1,0,40,0
user40,2,34,0,-3,0,-3,3,-3,236,0
user40,2,35,0,0,0,3,0,0,21,0
user40,2,36,0,-3,0,-3,0,0,34,0
user40,2,37,0,0,0,0,0,0,16,0
user40,2,38,0,-3,0,-3,3,-3,26,0
user40,2,39,0,3,0,3,-3,2,26,0
user40,2,40,0,-1,0,-2,2,-2,16,0
user40,2,41,0,0,0,-2,1,2,18,0
user40,2,42,0,-2,0,2,-2,1,17,0
user40,2,43,0,0,0,3,0,3,24,0
user40,2,44,0,0,0,0,0,0,12,0
user40,2,45,0,3,3,3,-3,3,23,0
user40,2,46,0,0,0,0,0,0,240,0
user40,2,47,0,3,3,3,-3,3,14,0
user40,2,48,0,0,0,0,0,0,16,0
user40,2,49,0,-3,0,-3,0,-3,28,0
user41,2,8,0,0,0,0,1,-1,23,0
user41,2,40,0,0,1,1,-1,0,92,0
user43,2,0,0,-1,1,-1,0,-1,24,1110100
user43,2,1,0,1,-1,1,-1,1,44,1110100
user43,2,2,0,-3,2,-2,1,-2,27,1111100
user43,2,3,0,1,-1,2,2,1,26,1111100
user43,2,4,0,-1,0,1,1,1,40,1110100
user43,2,5,0,-1,2,1,0,-2,22,1110100
user43,2,6,0,1,1,1,3,-1,24,1110100
user43,2,7,0,-1,1,1,2,-2,22,1110100
user43,2,8,0,2,0,2,2,-2,4273,1111100
user43,2,9,0,-2,0,-3,1,-3,50,1110100
user43,2,10,0,1,2,2,1,-2,26,1110100
user43,2,11,0,-2,2,0,0,-2,35,1110100
user43,2,12,0,-1,1,-1,1,1,2792,1110100
user43,2,13,0,2,1,0,2,-1,31,1110100
user43,2,14,0,0,0,2,-2,0,126,1110110
user43,2,15,0,-2,2,-1,1,2,40,1110100
user43,2,16,0,-1,1,1,-1,-1,38,1110100
user43,2,17,0,-2,1,1,-1,-2,29,1110100
user43,2,18,0,0,1,2,-1,1,25,1110100
user43,2,19,0,-3,1,-2,1,-3,100,1110100
user43,2,20,0,1,-1,-2,1,2,106,1110100
user43,2,21,0,-1,2,1,-1,-1,284,1110100
user43,2,22,0,0,2,2,-2,1,40,1110100
user43,2,23,0,-1,1,2,-2,2,45,1110100
user43,2,24,0,-2,1,2,1,-2,33,1110100
user43,2,25,0,1,1,1,2,-1,41,1110100
user43,2,26,0,2,1,-1,-1,1,38,1111100
user43,2,27,0,-1,-1,-1,-2,1,101,1110000
user43,2,28,0,1,2,2,-1,0,36,1111100
user43,2,29,0,-1,1,1,-1,1,23,1110100
user43,2,30,0,-2,-1,-2,1,1,55,1110100
user43,2,31,0,1,0,2,-1,-1,30,1110100
user43,2,32,0,-2,1,-1,1,-2,253,1110100
user43,2,33,0,-1,1,-1,1,-1,31,1111100
user43,2,34,0,-1,1,1,-1,-1,55,1111100
user43,2,35,0,-2,1,2,-1,-2,30,1110100
user43,2,36,0,0,1,-1,2,-2,23,1110100
user43,2,37,0,-2,1,-1,1,-1,70,1110100
user43,2,38,0,-2,2,-1,-1,-2,26,1110100
user43,2,39,0,2,-1,2,1,1,42,1110100
user43,2,40,0,-2,0,1,1,-2,63,1110100
user43,2,41,0,-2,2,-2,1,-3,30,1111100
user43,2,42,0,-2,1,-1,-1,0,109,1110100
user43,2,43,0,-2,1,1,-2,1,41,1110100
user43,2,44,0,-2,1,-1,1,-1,32,1110100
user43,2,45,0,1,1,2,1,-1,225,1110100
user43,2,46,0,0,1,-1,0,2,61,1110100
user43,2,47,0,-2,1,1,-1,1,734,1110100
user43,2,48,0,-2,1,-2,2,-2,28,1110100
user43,2,49,0,-2,1,-2,1,-1,26,1110100
user44,2,14,0,0,3,2,-2,-2,9999,1100000
user0,2,49,0,-3,1,0,0,0,114,0
user45,2,0,0,-1,1,0,-2,0,47,1110000
user45,2,1,0,-1,0,-1,-1,2,37,1110000
user45,2,2,0,0,1,1,3,-1,25,1010100
user45,2,3,0,0,0,1,-1,2,35,1010000
user45,2,4,0,-1,1,2,-3,1,24,1100100
user45,2,5,0,-2,2,-1,-1,-1,30,1101100
user45,2,6,0,0,0,2,-1,2,62,1100000
user45,2,7,0,-1,2,-1,0,0,32,1111000
user45,2,8,0,0,-1,2,1,2,31,1011000
user45,2,9,0,-3,2,-1,-2,0,47,1001100
user45,2,10,0,-2,-1,-2,3,2,37,1101100
user45,2,11,0,-1,2,1,-3,-3,39,1100100
user45,2,12,0,-1,1,-1,0,-3,35,1100000
user45,2,13,0,1,-1,0,0,2,34,1000100
user45,2,14,0,2,3,3,-2,0,23,1110000
user45,2,15,0,0,0,-1,-1,1,30,1100000
user45,2,16,0,0,2,-1,0,-3,59,1100000
user45,2,17,0,-1,2,-1,-1,0,41,1010100
user45,2,18,0,0,-1,1,-3,1,25,1110000
user45,2,19,0,0,-3,-1,0,1,30,1100000
user45,2,20,0,0,-1,-3,0,2,23,1100000
user45,2,21,0,-1,-1,1,1,1,30,1110100
user45,2,22,0,1,-1,1,-1,2,46,1110000
user45,2,23,0,-3,0,2,-1,-1,27,1100000
user45,2,24,0,0,2,-3,0,-2,36,1110000
user45,2,25,0,0,1,1,3,0,37,1100000
user45,2,26,0,0,1,1,0,2,27,1110000
user45,2,27,0,0,-2,3,-2,2,22,1010000
user45,2,28,0,1,1,2,0,1,31,1000100
user45,2,29,0,0,-2,-2,3,3,36,10000
user45,2,30,0,0,3,1,0,-1,22,1100000
user45,2,31,0,0,-1,3,-1,2,32,1101100
user45,2,32,0,2,3,0,2,-1,34,1001100
user45,2,33,0,0,3,-1,0,-3,21,1100000
user45,2,34,0,0,-1,0,-2,2,53,1000000
user45,2,35,0,2,2,-2,3,-3,64,1101100
user45,2,36,0,0,1,-3,3,-2,30,1100000
user45,2,37,0,0,-1,-3,0,0,40,1100000
user45,2,38,0,0,3,0,-1,-3,25,1110000
user45,2,39,0,-1,-1,-1,-2,2,28,1110000
user45,2,40,0,0,-1,-2,2,1,29,1010000
user45,2,41,0,0,-2,-2,1,2,21,1010000
user45,2,42,0,0,1,1,-3,3,40,1110000
user45,2,43,0,2,0,3,-3,2,37,1100000
user45,2,44,0,0,-1,-3,0,1,39,1010000
user45,2,45,0,1,0,3,-2,1,36,1100000
user45,2,46,0,-1,3,-1,1,-3,46,1100000
user45,2,47,0,0,-1,1,-2,1,34,1010000
user45,2,48,0,0,1,1,0,-3,38,1110000
user45,2,49,0,-1,1,2,3,0,29,1001100
user46,2,0,0,-3,3,2,1,-3,29,0
user46,2,1,0,-3,2,2,2,-1,23,0
user46,2,7,0,-3,3,2,0,-2,16,0
user46,2,8,0,2,3,2,-2,0,46,0
user46,2,9,0,-3,0,1,-1,1,19,0
user46,2,11,0,-1,3,3,0,-1,27,0
user46,2,18,0,-3,0,1,-2,1,26,0
user46,2,22,0,-3,3,0,-2,1,24,0
user46,2,23,0,-2,0,2,-1,1,17,0
user46,2,26,0,-2,0,2,3,-2,12,0
user46,2,27,0,-1,-1,1,-3,1,16,0
user46,2,30,0,0,3,3,3,-3,10,0
user46,2,31,0,-1,3,2,2,-3,55,0
user46,2,36,0,-3,3,2,1,-3,12,0
user46,2,42,0,-1,0,1,-3,1,13,0
user46,2,43,0,-3,0,-1,-2,0,14,0
user46,2,44,0,-2,2,0,0,-2,26,0
user46,2,45,0,2,3,3,-1,0,15,0
user46,2,48,0,-3,-1,0,0,0,13,0
user46,2,49,0,-3,0,1,3,-3,14,0
user47,2,0,0,0,3,0,-1,-3,46,0
user47,2,1,0,3,0,3,-1,0,40,1110100
user47,2,2,0,0,2,1,3,-3,35,1110000
user47,2,3,0,1,-1,3,-1,3,57,1111000
user47,2,4,0,-1,-1,1,-2,3,42,1110100
user47,2,5,0,-1,3,0,-3,-2,34,1110000
user47,2,6,0,2,0,-1,3,0,35,1110100
user47,2,7,0,1,0,3,-1,1,124,1110100
user47,2,8,0,3,0,3,0,0,33,0
user47,2,9,0,-2,0,0,-3,3,31,1110000
user47,2,10,0,0,-2,3,-1,2,36,1110000
user47,2,11,0,-1,1,-1,-1,0,38,0
user47,2,12,0,1,0,3,-1,-1,34,1110100
user47,2,13,0,3,-3,3,-1,3,37,1110100
user47,2,14,0,-2,0,0,-3,3,24,0
user47,2,15,0,0,1,-1,-2,-3,28,0
user47,2,16,0,0,2,-1,0,-2,33,1110000
user47,2,17,0,0,0,3,-3,3,22,0
user47,2,18,0,2,2,3,2,-1,29,0
user47,2,19,0,0,0,-1,-2,1,48,1110000
user47,2,20,0,0,0,-2,2,-1,36,1110000
user47,2,21,0,-1,2,3,-2,-2,135,1110000
user47,2,22,0,0,-1,3,-2,3,33,1110000
user47,2,23,0,0,-2,3,-3,3,35,1110000
user47,2,24,0,1,0,0,-2,-1,46,0
user47,2,25,0,0,2,-3,2,-2,25,0
user47,2,26,0,1,2,2,2,-2,33,0
user47,2,27,0,3,-2,3,-1,3,29,0
user47,2,28,0,2,0,3,3,-1,30,0
user47,2,29,0,0,-2,0,-2,3,30,1110000
user47,2,30,0,2,0,2,1,-1,30,0
user47,2,31,0,-2,3,1,-3,1,52,0
user47,2,32,0,0,0,1,-1,1,33,1110000
user47,2,33,0,0,1,0,-2,3,27,0
user47,2,34,0,0,-3,0,-3,3,32,1110000
user47,2,35,0,2,2,2,2,-3,28,0
user47,2,36,0,1,1,-2,3,-2,54,1110100
user47,2,37,0,-2,0,-1,-2,-1,34,1110000
user47,2,38,0,0,-1,-1,-3,2,32,1110000
user47,2,39,0,1,0,3,-2,3,39,1110100
user47,2,40,0,0,3,-2,3,-3,44,1110000
user47,2,41,0,1,0,-2,-1,1,33,0
user47,2,42,0,0,2,-2,-2,3,64,0
user47,2,43,0,-1,0,3,-2,1,39,1110100
user47,2,44,0,-1,3,-3,1,-3,28,0
user47,2,45,0,2,-2,3,-2,3,48,1110100
user47,2,46,0,0,3,0,-3,-1,35,1110000
user47,2,47,0,-2,3,3,-1,2,36,1110100
user47,2,48,0,0,1,-1,2,-3,31,1110000
user47,2,49,0,2,0,1,2,-3,33,0
user48,2,5,0,-1,1,2,-2,-1,295,1110000
user48,2,10,0,-1,-1,2,-2,-1,65,1110000
user48,2,12,0,-3,0,-2,0,1,60,1000100
user48,2,25,0,2,-1,3,-3,1,59,1110000
user48,2,30,0,-3,2,-2,2,-3,47,11100
user48,2,31,0,1,0,-1,1,0,57,1101100
user49,2,0,0,-1,1,0,-1,-1,156,1000000
user49,2,1,0,-2,2,0,-1,-2,31,1111100
user49,2,2,0,2,1,-3,3,-2,25,1010000
user49,2,3,0,0,1,1,2,1,32,1110000
user49,2,4,0,-1,2,1,1,-2,26,1111100
user49,2,5,0,-1,2,-2,-1,-1,25,1010000
user49,2,6,0,-1,1,-2,3,-1,28,1110100
user49,2,7,0,-1,1,3,2,-1,19,1111000
user49,2,8,0,2,-2,1,-3,2,33,1111100
user49,2,9,0,-1,2,-2,1,-2,20,1110000
user49,2,10,0,0,-1,-1,-1,1,25,1110000
user49,2,11,0,-2,2,2,-2,-2,30,1111100
user49,2,12,0,-2,3,-1,2,-2,16,1111100
user49,2,13,0,1,-2,1,-3,1,69,1100100
user49,2,14,0,1,1,2,-2,1,14,0
user49,2,15,0,1,0,-2,-1,1,130,1111100
user49,2,16,0,-1,-1,-2,0,1,39,1111000
user49,2,17,0,1,0,-1,-1,-1,20,1110000
user49,2,18,0,2,-1,2,2,-1,34,1110000
user49,2,19,0,0,1,0,1,1,94,1010000
user49,2,20,0,-1,-1,-3,0,3,43,1110000
user49,2,21,0,-1,1,1,1,-1,114,1111000
user49,2,22,0,1,-1,3,-3,0,21,1000000
user49,2,23,0,-1,-1,-1,-2,1,77,1110100
user49,2,24,0,2,1,1,2,-2,30,1110100
user49,2,25,0,1,1,1,-2,1,35,1000000
user49,2,26,0,1,1,-1,2,-1,77,1110100
user49,2,27,0,1,-1,3,-3,1,27,1100000
user49,2,28,0,1,2,1,-1,-2,23,1100000
user49,2,29,0,2,-1,2,-2,1,22,1110000
user49,2,30,0,-1,2,3,1,-2,23,1110000
user49,2,31,0,1,-2,1,-3,1,25,1111100
user49,2,32,0,-1,-1,-2,1,-2,37,1110000
user49,2,33,0,-1,1,-1,0,-1,28,1110000
user49,2,34,0,1,-1,-2,-1,1,22,1111100
user49,2,35,0,1,2,3,2,-2,48,1100000
user49,2,36,0,0,1,-1,2,-1,28,1110000
user49,2,37,0,-1,-1,-1,-1,2,50,1111000
user49,2,38,0,1,1,-2,1,-2,86,1111100
user49,2,39,0,1,-2,-2,3,2,23,1110000
user49,2,40,0,1,-1,2,0,1,27,1111000
user49,2,41,0,1,3,2,2,-2,27,1000000
user49,2,42,0,1,-1,-1,-3,2,27,0
user49,2,43,0,-1,-1,2,-2,2,22,1111000
user49,2,44,0,-2,1,-1,1,-1,19,1110000
user49,2,45,0,-2,-2,2,-3,1,27,1110000
user49,2,46,0,1,2,1,-2,-2,20,1110100
user49,2,47,0,-2,1,1,-2,-1,25,1110100
user49,2,48,0,-2,2,-2,2,-3,40,1110000
user49,2,49,0,0,-1,-2,-2,2,22,1010000
user50,2,0,0,1,1,-2,0,-3,36,1100000
user50,2,1,0,1,3,-1,-1,-2,21,0
user50,2,2,0,-1,2,-2,1,-1,28,1011100
user50,2,3,0,2,1,3,-1,1,36,1011000
user50,2,4,0,-1,1,3,-2,1,35,0
user50,2,5,0,-1,1,1,-2,1,33,1000100
user50,2,6,0,-1,1,1,2,2,25,1110000
user50,2,7,0,2,2,2,-3,1,20,0
user50,2,8,0,1,-2,2,1,1,23,1001100
user50,2,9,0,-2,2,1,-3,0,74,0
user50,2,10,0,-1,1,-1,2,-1,49,100100
user50,2,11,0,-1,1,2,-1,-2,19,1100100
user50,2,12,0,-2,2,-2,1,-1,33,0
user50,2,13,0,1,-1,-1,3,-2,36,0
user50,2,14,0,2,1,3,-1,0,26,1010000
user50,2,15,0,0,3,-1,0,-3,23,1100000
user50,2,16,0,-1,1,-3,-1,-1,26,1100000
user50,2,17,0,1,3,1,-2,-1,35,0
user50,2,18,0,2,2,2,-1,0,41,1010000
user50,2,19,0,0,-1,-2,0,0,30,1110000
user50,2,20,0,0,1,-3,1,2,26,1010000
user50,2,21,0,0,1,-1,0,-2,30,0
user50,2,22,0,2,-1,-2,1,-1,22,0
user50,2,23,0,1,2,2,-3,0,23,0
user50,2,24,0,-1,1,-2,2,-3,31,0
user50,2,25,0,1,-1,1,1,2,36,0
user50,2,26,0,1,2,3,1,-1,23,1010000
user50,2,27,0,0,1,2,-2,1,32,0
user50,2,28,0,2,1,2,1,1,33,1101100
user50,2,29,0,0,-2,-1,2,2,20,1111000
user50,2,30,0,1,3,2,0,-1,26,1100000
user50,2,31,0,1,1,2,0,-1,68,101100
user50,2,32,0,1,0,2,1,-1,33,1010000
user50,2,33,0,0,3,-1,0,-1,30,0
user50,2,34,0,0,-1,-1,-2,1,30,1100000
user50,2,35,0,3,2,3,-1,-2,35,1111100
user50,2,36,0,-1,2,-2,-3,1,30,0
user50,2,37,0,-1,1,-2,-1,1,24,1110000
user50,2,38,0,-2,1,-3,-2,-3,58,1110000
user50,2,39,0,2,0,-3,1,-1,23,1100100
user50,2,40,0,-1,1,2,2,-1,27,1110100
user50,2,41,0,1,-1,-2,-1,1,30,1010000
user50,2,42,0,1,0,2,-2,1,30,0
user50,2,43,0,-1,1,3,-2,1,29,1000100
user50,2,44,0,0,-1,-3,0,2,29,10000
user50,2,45,0,2,1,3,1,1,28,1000000
user50,2,46,0,-1,1,1,-2,-3,29,1010100
user50,2,47,0,2,-2,2,2,2,21,0
user50,2,48,0,1,2,-1,1,-2,23,1100000
user50,2,49,0,-1,1,-2,1,-3,64,1110100
user52,2,0,0,-1,0,-1,-1,1,36,1110100
user52,2,1,0,-2,1,-2,0,-1,31,1110000
user52,2,2,0,-1,1,-1,1,-1,40,1110100
user52,2,3,0,1,0,1,1,-1,30,1111100
user52,2,4,0,1,-1,1,-2,2,32,1110100
user52,2,5,0,-1,-1,-1,-1,1,23,1111100
user52,2,6,0,1,1,1,1,1,34,1111100
user52,2,7,0,-1,1,0,1,-1,39,1100100
user52,2,8,0,1,0,2,2,1,34,1111100
user52,2,9,0,0,-1,2,-2,2,122,1010000
user52,2,10,0,1,1,1,1,-1,25,1111100
user52,2,11,0,0,1,1,-1,-1,41,1110100
user52,2,12,0,0,0,-1,0,0,55,1110100
user52,2,13,0,-1,-2,2,-2,2,52,1110100
user52,2,14,0,2,-1,2,-1,2,30,1110100
user52,2,15,0,1,2,2,2,-2,27,1111100
user52,2,16,0,0,-1,-1,0,2,48,1110100
user52,2,17,0,-1,1,0,0,-1,40,1110100
user52,2,18,0,1,2,2,2,-2,49,1110100
user52,2,19,0,-2,0,-1,1,-1,29,1110000
user52,2,20,0,-1,-2,-2,0,2,33,1110110
user52,2,21,0,0,0,-1,-1,1,39,1110000
user52,2,22,0,1,-1,1,-1,2,28,1110110
user52,2,23,0,-1,-1,2,-1,1,32,1110100
user52,2,24,0,-1,1,-2,1,-1,25,1110000
user52,2,25,0,0,-1,2,0,1,39,1110000
user52,2,26,0,0,0,-2,1,2,101,1110100
user52,2,27,0,1,1,1,1,-1,35,1111100
user52,2,28,0,2,2,2,2,-1,34,1111100
user52,2,29,0,1,-1,1,1,1,39,1111110
user52,2,30,0,-1,1,-1,0,-2,30,1010100
user52,2,31,0,1,0,-1,0,1,35,1001100
user52,2,32,0,-1,1,-1,0,-1,36,1111110
user52,2,33,0,-1,-2,-2,0,2,28,1111000
user52,2,34,0,-2,0,-2,-1,-1,51,1110100
user52,2,35,0,-1,1,1,1,0,32,1111100
user52,2,36,0,-1,0,-1,0,-1,46,1111110
user52,2,37,0,0,1,2,2,-1,31,1111100
user52,2,38,0,0,-2,-2,0,-1,40,1110000
user52,2,39,0,-1,-1,1,-1,1,26,1110100
user52,2,40,0,-1,1,-2,1,-2,26,1110100
user52,2,41,0,-1,-1,-1,0,-1,25,1110100
user52,2,42,0,2,0,2,-2,1,54,1110100
user52,2,43,0,-1,0,1,0,1,40,1110100
user52,2,44,0,0,1,-1,0,-1,35,1110100
user52,2,45,0,1,1,1,1,-2,32,1111100
user52,2,46,0,-2,1,-1,0,-2,40,1110100
user52,2,47,0,0,1,1,1,0,42,1010100
user52,2,48,0,0,1,1,1,-1,35,1110100
user52,2,49,0,1,1,1,1,-1,64,1110100
user53,2,2,0,0,2,-2,2,-2,33,1111100
user53,2,3,0,0,0,3,-3,2,32,1011100
user53,2,14,0,-1,2,2,-2,1,49,1010100
user53,2,15,0,0,3,-2,1,-2,41,1111100
user53,2,18,0,0,-1,1,-1,1,28,1011000
user53,2,23,0,0,3,0,-3,2,26,1110000
user53,2,28,0,0,1,0,-2,1,84,1111100
user53,2,31,0,0,-2,2,-2,2,36,1111100
user53,2,40,0,2,-1,3,-2,0,39,1111100
user53,2,42,0,0,-1,2,-2,1,38,1010000
user54,2,0,0,0,0,0,0,3,11,0
user54,2,3,0,0,0,0,-3,3,16,0
user54,2,6,0,0,0,0,3,0,17,0
user54,2,7,0,0,0,-3,0,0,9,0
user54,2,10,0,0,0,3,0,0,14,0
user54,2,20,0,0,0,0,0,3,31,0
user54,2,21,0,0,0,-3,0,0,21,0
user54,2,22,0,-3,0,0,0,0,15,0
user54,2,23,0,0,0,0,0,-3,18,0
user54,2,25,0,0,0,0,0,3,52,0
user54,2,26,0,0,0,0,3,0,51,0
user54,2,27,0,0,0,0,-3,0,17,0
user54,2,30,0,0,0,-3,0,0,33,0
user54,2,32,0,0,-3,0,0,0,17,0
user54,2,35,0,0,0,-3,0,0,18,0
user54,2,36,0,0,3,0,0,0,21,0
user54,2,37,0,0,0,0,0,-3,68,0
user54,2,38,0,3,0,0,0,0,24,0
user54,2,39,0,0,0,0,0,-3,23,0
user54,2,40,0,0,-3,0,0,0,23,0
user54,2,41,0,3,0,0,0,0,16,0
user54,2,43,0,3,3,0,0,0,74,0
user54,2,45,0,0,0,3,0,0,28,0
user54,2,46,0,0,-3,0,0,0,43,0
user54,2,47,0,3,0,0,0,0,49,0
user54,2,48,0,0,0,0,0,3,19,0
user56,2,0,0,-1,1,-1,-1,-1,37,0
user56,2,1,0,1,-1,-1,1,-1,31,0
user56,2,2,0,-1,1,1,-1,1,39,0
user56,2,3,0,1,1,1,3,-2,32,0
user56,2,4,0,0,1,2,2,1,33,0
user56,2,5,0,-1,2,0,-2,1,51,0
user56,2,6,0,0,0,0,2,1,28,0
user56,2,7,0,1,-1,1,1,0,28,0
user56,2,8,0,2,-1,2,1,1,33,0
user56,2,9,0,-2,1,1,-2,-2,72,0
user56,2,10,0,2,1,2,1,0,41,0
user56,2,11,0,-1,2,2,-3,-1,27,0
user56,2,12,0,-2,1,-1,-1,-1,49,0
user56,2,13,0,3,-1,2,-2,1,36,0
user56,2,14,0,0,1,3,-2,1,56,0
user56,2,15,0,-2,1,-2,0,-2,70,0
user56,2,16,0,-1,0,-1,2,-2,28,0
user56,2,17,0,0,1,-1,-2,-2,43,0
user56,2,18,0,-1,2,1,1,-2,51,0
user56,2,19,0,0,1,-2,1,-2,55,0
user56,2,20,0,0,-1,-3,1,3,26,0
user56,2,21,0,0,1,1,-2,1,56,0
user56,2,22,0,-1,2,2,-2,-1,26,0
user56,2,23,0,-1,2,2,-1,-1,27,0
user56,2,24,0,-1,0,1,-2,-2,47,0
user56,2,25,0,1,0,-2,1,-2,68,0
user56,2,26,0,1,1,-1,2,-2,29,0
user56,2,27,0,-1,0,3,-2,2,41,0
user56,2,28,0,0,0,1,1,-1,53,0
user56,2,29,0,1,-1,2,2,-1,46,0
user56,2,30,0,1,1,1,1,-1,38,0
user56,2,31,0,0,-1,1,-1,-1,47,0
user56,2,32,0,0,0,-1,1,-2,36,0
user56,2,33,0,-1,1,-1,-1,-2,26,0
user56,2,34,0,-2,0,-1,-3,2,31,0
user56,2,35,0,0,-1,2,-2,1,89,0
user56,2,36,0,0,0,-1,-1,1,49,0
user56,2,37,0,-1,0,-2,-1,1,54,0
user56,2,38,0,0,0,-2,0,-3,39,0
user56,2,39,0,2,-1,1,1,-1,72,0
user56,2,40,0,2,1,2,2,-2,25,0
user56,2,41,0,-1,0,-1,2,-1,32,0
user56,2,42,0,0,0,2,-3,2,49,0
user56,2,43,0,-1,2,2,-2,-2,26,0
user56,2,44,0,-2,1,-1,-1,-2,33,0
user56,2,45,0,0,1,3,2,-1,153,0
user56,2,46,0,0,1,-1,-1,-2,43,0
user56,2,47,0,0,0,2,-1,1,24,0
user56,2,48,0,-1,0,-2,1,1,86,0
user56,2,49,0,-1,0,-1,1,1,28,0
user57,2,1,0,-1,-1,1,0,-1,41,0
user57,2,2,0,-1,2,1,2,-2,32,0
user57,2,3,0,1,1,3,2,-1,19,0
user57,2,4,0,1,0,2,-1,1,34,0
user57,2,7,0,-1,1,2,2,-1,23,0
user57,2,8,0,1,1,1,0,-2,31,0
user57,2,10,0,1,1,2,1,-2,31,0
user57,2,11,0,-1,2,1,0,-3,17,0
user57,2,12,0,0,2,-1,0,-2,42,0
user57,2,13,0,2,-1,2,0,-1,37,0
user57,2,14,0,-1,1,2,-1,2,19,0
user57,2,16,0,1,1,1,-1,0,30,0
user57,2,19,0,0,1,-2,2,1,26,0
user57,2,20,0,0,0,1,1,1,54,0
user57,2,21,0,-1,2,2,-2,-3,30,0
user57,2,22,0,-1,2,2,1,-2,18,0
user57,2,25,0,-1,2,1,1,-2,38,0
user57,2,26,0,0,2,2,3,-1,21,0
user57,2,27,0,-1,0,2,-1,1,73,0
user57,2,28,0,1,1,2,3,-1,23,0
user57,2,29,0,-1,1,2,0,-2,26,0
user57,2,33,0,0,1,0,1,-2,47,0
user57,2,34,0,-1,2,-1,0,-2,33,0
user57,2,35,0,-1,1,2,0,-1,26,0
user57,2,36,0,0,1,1,-1,1,37,0
user57,2,39,0,-1,2,-1,-2,2,47,0
user57,2,41,0,-1,1,-1,1,1,24,0
user57,2,42,0,1,0,2,-2,2,23,0
user57,2,44,0,-1,1,-1,0,-1,22,0
user57,2,45,0,0,2,2,0,-1,35,0
user57,2,47,0,-1,2,2,-2,-1,23,0
user57,2,48,0,1,1,1,-1,2,26,0
user58,2,0,0,0,0,0,-1,-2,22,0
user58,2,1,0,0,0,0,0,0,7,0
user58,2,2,0,-2,-1,0,3,1,38,0
user58,2,3,0,0,0,0,0,0,4,0
user58,2,4,0,0,0,0,0,0,4,0
user58,2,5,0,0,0,0,0,0,15,0
user58,2,6,0,0,0,0,0,0,9,0
user58,2,7,0,0,0,0,0,0,11,0
user58,2,8,0,0,0,0,0,1,27,0
user58,2,9,0,0,0,0,0,0,9,0
user58,2,10,0,0,0,0,0,0,5,0
user58,2,11,0,0,0,0,0,0,8,0
user58,2,12,0,0,0,0,0,0,20,0
user58,2,13,0,0,0,0,0,0,4,0
user58,2,14,0,0,0,0,0,0,10,0
user58,2,15,0,0,0,0,0,0,5,0
user58,2,16,0,0,0,0,0,0,4,0
user58,2,17,0,0,0,0,0,0,36,0
user58,2,18,0,0,0,0,0,0,13,0
user58,2,19,0,0,0,0,0,0,10,0
user58,2,20,0,0,0,0,0,0,13,0
user58,2,21,0,0,0,0,0,0,8,0
user58,2,22,0,0,0,0,0,0,8,0
user58,2,23,0,0,0,0,0,0,11,0
user58,2,24,0,-3,1,0,0,-1,31,0
user58,2,25,0,0,0,0,0,0,28,0
user58,2,26,0,0,0,0,0,0,9,0
user58,2,27,0,0,0,0,0,0,5,0
user58,2,28,0,0,0,0,0,0,6,0
user58,2,29,0,0,0,0,0,0,6,0
user58,2,30,0,0,0,0,0,0,19,0
user58,2,31,0,0,0,0,0,0,12,0
user58,2,32,0,0,0,0,0,0,17,0
user58,2,33,0,0,0,0,0,0,8,0
user58,2,34,0,0,0,0,0,0,36,0
user58,2,35,0,0,0,0,0,0,4,0
user58,2,36,0,0,0,0,0,0,6,0
user58,2,37,0,0,0,0,0,0,4,0
user58,2,38,0,2,0,0,3,-3,21,0
user58,2,39,0,0,0,0,0,0,17,0
user58,2,40,0,-1,0,0,0,0,18,0
user58,2,41,0,0,0,0,0,0,4,0
user58,2,42,0,0,0,0,0,0,8,0
user58,2,43,0,0,0,0,0,0,4,0
user58,2,44,0,0,0,0,0,0,23,0
user58,2,45,0,0,0,0,0,0,7,0
user58,2,46,0,0,0,1,0,0,11,0
user58,2,47,0,0,0,0,0,0,4,0
user58,2,48,0,0,0,0,0,0,32,0
user58,2,49,0,0,0,0,0,0,6,0
user59,2,13,0,-1,1,-2,-1,1,178,1110100
user59,2,29,0,-1,2,1,-1,-2,94,1010100
user59,2,43,0,-2,1,-1,-1,2,446,1110100
user60,2,5,0,-1,1,1,-2,-1,26,10000
user60,2,8,0,3,1,1,2,2,52,1101000
user60,2,11,0,1,1,2,-2,-1,25,10000
user60,2,16,0,3,1,2,2,-1,45,1000100
user60,2,25,0,2,2,3,2,1,31,1010000
user60,2,29,0,1,1,-1,-2,2,54,1110000
user60,2,36,0,2,1,2,2,1,43,1100000
user60,2,37,0,-2,-1,-2,-1,1,33,1100000
user60,2,41,0,1,1,3,2,1,31,10000
user60,2,43,0,-2,2,-1,-2,-2,31,1010000
user60,2,44,0,-1,1,-1,1,3,32,110000
user60,2,48,0,-1,1,1,1,-2,86,1100000
user62,2,0,0,-2,1,-3,0,2,31,100000
user62,2,1,0,-1,0,-3,1,-1,32,1100000
user62,2,2,0,0,1,-1,2,-2,95,1100000
user62,2,3,0,1,2,2,-1,-2,32,1110000
user62,2,4,0,0,1,2,-1,1,36,1010100
user62,2,5,0,0,2,0,0,-3,43,110000
user62,2,6,0,0,1,2,2,1,517,10000
user62,2,7,0,-1,1,1,0,-1,72,1110000
user62,2,8,0,2,-1,2,-2,1,34,1011000
user62,2,9,0,-3,2,0,-1,0,110,1010000
user62,2,10,0,0,2,2,-1,-1,20,1000000
user62,2,11,0,-1,2,1,-2,-1,24,1010000
user62,2,12,0,-3,-1,-2,1,0,32,1010000
user62,2,13,0,-1,-3,1,-1,2,49,100100
user62,2,14,0,1,2,2,-1,-1,30,1010000
user62,2,15,0,1,-2,-2,1,-1,60,1000000
user62,2,16,0,-2,1,1,-2,-1,34,1000000
user62,2,17,0,1,2,2,1,-2,154,1000000
user62,2,18,0,1,-1,2,2,-1,41,1010100
user62,2,19,0,0,-2,-2,1,1,71,1010000
user62,2,20,0,1,-1,-2,1,-2,27,10000
user62,2,21,0,-1,1,1,-2,-1,25,1000000
user62,2,22,0,0,-1,1,-3,1,26,1110100
user62,2,23,0,-1,0,-1,-1,-1,36,1010000
user62,2,24,0,1,2,0,0,-3,38,1000000
user62,2,25,0,-1,-1,-2,2,1,30,1010000
user62,2,26,0,1,1,1,1,-1,51,1010000
user62,2,27,0,2,2,2,0,0,163,10000
user62,2,28,0,-2,0,-2,2,3,37,10000
user62,2,29,0,-2,1,3,2,-2,61,1001000
user62,2,30,0,-2,-1,-3,0,-1,5010,110000
user62,2,31,0,0,-1,1,-2,-1,98,1001000
user62,2,32,0,1,-1,-1,1,-1,26,1000000
user62,2,33,0,1,3,0,-2,-3,30,101100
user62,2,34,0,-1,2,-2,0,-2,25,110000
user62,2,35,0,-1,-2,-1,1,-1,30,1100100
user62,2,36,0,-1,-1,1,1,1,44,1000010
user62,2,37,0,-1,-1,-2,-1,0,36,10000
user62,2,38,0,-1,-1,-3,0,-2,29,1110000
user62,2,39,0,2,2,2,-1,-1,25,1000000
user62,2,40,0,2,2,2,3,-1,29,1010000
user62,2,41,0,1,2,-2,1,2,38,1010000
user62,2,42,0,2,-2,1,-2,3,61,1010100
user62,2,43,0,-2,-1,1,-3,1,25,10000
user62,2,44,0,0,2,-1,0,-1,23,100000
user62,2,45,0,0,2,2,-3,1,31,1000000
user62,2,46,0,0,1,1,-1,-1,200,10000
user62,2,47,0,1,0,1,2,-1,22,10000
user62,2,48,0,-2,1,-1,1,-2,255,1100000
user62,2,49,0,0,-1,-1,1,1,57,100000
